Abelian_Adj	Abelian
Albanese_Adj	Albanese
Apollonian_Adj	Apollonian
Archimedean_Adj	Archimedean
Baire_Adj	Baire
Bayesian_Adj	Bayesian
Belgian_Adj	Belgian
Cartesian_Adj	Cartesian
Caustic_Adj	Caustic
Chinese_Adj	Chinese
Dutch_Adj	Dutch
English_Adj	English
Euclidean_Adj	Euclidean
Eulerian_Adj	Eulerian
Fritsch_Adj	Fritsch
Fuchsian_Adj	Fuchsian
Gaussian_Adj	Gaussian
German_Adj	German
Gray_Adj	Gray
Greek_Adj	Greek
Hermitian_Adj	Hermitian
Heronian_Adj	Heronian
Italian_Adj	Italian
Jacobian_Adj	Jacobian
Japanese_Adj	Japanese
Kleinian_Adj	Kleinian
Latin_Adj	Latin
Laurent_Adj	Laurent
Noetherian_Adj	Noetherian
Parisi_Adj	Parisi
Poldavian_Adj	Poldavian
Pythagorean_Adj	Pythagorean
Sasakian_Adj	Sasakian
Shallow_Adj	Shallow
Spanish_Adj	Spanish
Timed_Adj	Timed
Vitali_Adj	Vitali
Walrasian_Adj	Walrasian
'a-rational_Adj'	a-rational
abelian_Adj	abelian
able_Adj	able
above_Adj	above
absolute_Adj	absolute
absorbing_Adj	absorbing
abstract_Adj	abstract
absurd_Adj	absurd
abundant_Adj	abundant
academic_Adj	academic
acceptable_Adj	acceptable
accessible_Adj	accessible
acid_Adj	acid
active_Adj	active
acyclic_Adj	acyclic
adaptive_Adj	adaptive
additional_Adj	additional
additive_Adj	additive
adelic_Adj	adelic
adjoint_Adj	adjoint
adjugate_Adj	adjugate
administrative_Adj	administrative
admirable_Adj	admirable
advanced_Adj	advanced
affine_Adj	affine
affirmative_Adj	affirmative
aggregative_Adj	aggregative
algebraic_Adj	algebraic
algebraical_Adj	algebraical
algorithmic_Adj	algorithmic
aligned_Adj	aligned
alphamagic_Adj	alphamagic
alternant_Adj	alternant
alternative_Adj	alternative
ambient_Adj	ambient
ambitious_Adj	ambitious
amenable_Adj	amenable
amicable_Adj	amicable
amino_Adj	amino
amnestic_Adj	amnestic
amorphous_Adj	amorphous
amphichiral_Adj	amphichiral
ample_Adj	ample
'an-integral_Adj'	an-integral
analogous_Adj	analogous
analytic_Adj	analytic
antiderivative_Adj	antiderivative
antimatroid_Adj	antimatroid
antisymmetric_Adj	antisymmetric
aperiodic_Adj	aperiodic
applicable_Adj	applicable
appropriate_Adj	appropriate
approximate_Adj	approximate
arbitrary_Adj	arbitrary
archetypal_Adj	archetypal
'are-isomorphic_Adj'	are-isomorphic
arithmetic_Adj	arithmetic
arithmetical_Adj	arithmetical
artificial_Adj	artificial
artinian_Adj	artinian
assignable_Adj	assignable
associational_Adj	associational
associative_Adj	associative
astronomical_Adj	astronomical
asymmetric_Adj	asymmetric
asymptotic_Adj	asymptotic
atomic_Adj	atomic
attractive_Adj	attractive
autobiographical_Adj	autobiographical
autocatalytic_Adj	autocatalytic
automobile_Adj	automobile
automorphic_Adj	automorphic
autonomous_Adj	autonomous
auxiliary_Adj	auxiliary
average_Adj	average
aware_Adj	aware
axiomatic_Adj	axiomatic
backward_Adj	backward
bad_Adj	bad
balanced_Adj	balanced
banner_Adj	banner
barycentric_Adj	barycentric
base_Adj	base
basis_Adj	basis
beautiful_Adj	beautiful
behavioral_Adj	behavioral
beta_Adj	beta
'bi-invertible_Adj'	bi-invertible
bicircular_Adj	bicircular
bicomplete_Adj	bicomplete
bicyclic_Adj	bicyclic
big_Adj	big
bijective_Adj	bijective
bilinear_Adj	bilinear
bilinèar_Adj	bilinèar
bimagic_Adj	bimagic
bimonoidal_Adj	bimonoidal
binary_Adj	binary
binomial_Adj	binomial
biological_Adj	biological
bipartite_Adj	bipartite
birational_Adj	birational
biregular_Adj	biregular
blank_Adj	blank
bodily_Adj	bodily
boolean_Adj	boolean
bornological_Adj	bornological
bottom_Adj	bottom
bound_Adj	bound
bounded_Adj	bounded
braided_Adj	braided
brief_Adj	brief
cancellative_Adj	cancellative
cannibalistic_Adj	cannibalistic
canonical_Adj	canonical
canonizant_Adj	canonizant
capable_Adj	capable
cardinal_Adj	cardinal
careful_Adj	careful
cartesian_Adj	cartesian
cartographic_Adj	cartographic
categorical_Adj	categorical
catholic_Adj	catholic
cauchy_Adj	cauchy
celebrated_Adj	celebrated
cellular_Adj	cellular
center_Adj	center
central_Adj	central
centred_Adj	centred
certain_Adj	certain
cessary_Adj	cessary
chaotic_Adj	chaotic
characteristic_Adj	characteristic
chemical_Adj	chemical
chief_Adj	chief
chiral_Adj	chiral
'choice-decidable_Adj'	choice-decidable
chromatic_Adj	chromatic
'circle-connected_Adj'	circle-connected
circulant_Adj	circulant
circular_Adj	circular
circumscribed_Adj	circumscribed
classical_Adj	classical
clear_Adj	clear
close_Adj	close
closed_Adj	closed
closeness_Adj	closeness
coanalytic_Adj	coanalytic
coboundary_Adj	coboundary
cocomplete_Adj	cocomplete
coconstant_Adj	coconstant
cocountable_Adj	cocountable
coefficient_Adj	coefficient
cofinal_Adj	cofinal
coherent_Adj	coherent
cohomological_Adj	cohomological
collaborative_Adj	collaborative
color_Adj	color
colorable_Adj	colorable
colorful_Adj	colorful
combinant_Adj	combinant
combinatorial_Adj	combinatorial
common_commoner_Adj	common
communicational_Adj	communicational
commutant_Adj	commutant
commutative_Adj	commutative
compact_Adj	compact
comparable_Adj	comparable
comparametric_Adj	comparametric
compatible_Adj	compatible
complementary_Adj	complementary
complete_Adj	complete
complex_Adj	complex
complicated_Adj	complicated
component_Adj	component
composable_Adj	composable
composite_Adj	composite
compound_Adj	compound
concatenate_Adj	concatenate
concave_Adj	concave
concentric_Adj	concentric
conceptual_Adj	conceptual
concerned_Adj	concerned
concise_Adj	concise
concrete_Adj	concrete
concurrent_Adj	concurrent
conditional_Adj	conditional
conformable_Adj	conformable
conformal_Adj	conformal
confusing_Adj	confusing
congruent_Adj	congruent
conic_Adj	conic
conical_Adj	conical
conjugate_Adj	conjugate
conjunctive_Adj	conjunctive
connected_Adj	connected
connective_Adj	connective
connex_Adj	connex
consecutive_Adj	consecutive
conservative_Adj	conservative
consistent_Adj	consistent
constant_Adj	constant
constitutive_Adj	constitutive
constructible_Adj	constructible
constructive_Adj	constructive
continuous_Adj	continuous
contractible_Adj	contractible
contrary_Adj	contrary
contravariant_Adj	contravariant
convenient_Adj	convenient
conventional_Adj	conventional
convergent_Adj	convergent
converse_Adj	converse
convex_Adj	convex
cooperative_Adj	cooperative
coordinate_Adj	coordinate
coplanar_Adj	coplanar
coprime_Adj	coprime
core_Adj	core
coreflexive_Adj	coreflexive
corollar_Adj	corollar
corollary_Adj	corollary
correct_Adj	correct
corrective_Adj	corrective
correspond_Adj	correspond
corresponding_Adj	corresponding
cotangent_Adj	cotangent
cototient_Adj	cototient
countable_Adj	countable
counterfactual_Adj	counterfactual
covalent_Adj	covalent
covariant_Adj	covariant
covering_Adj	covering
credible_Adj	credible
critical_Adj	critical
cross_Adj	cross
crossed_Adj	crossed
crucial_Adj	crucial
crystalline_Adj	crystalline
cubic_Adj	cubic
cubical_Adj	cubical
cumulant_Adj	cumulant
cumulative_Adj	cumulative
curious_Adj	curious
current_Adj	current
curvilinear_Adj	curvilinear
customary_Adj	customary
cyclic_Adj	cyclic
cyclical_Adj	cyclical
cyclotomic_Adj	cyclotomic
decagonal_Adj	decagonal
decidable_Adj	decidable
decisional_Adj	decisional
decomposable_Adj	decomposable
decreasing_Adj	decreasing
deductive_Adj	deductive
deep_Adj	deep
defective_Adj	defective
deficient_Adj	deficient
definable_Adj	definable
definite_Adj	definite
definitive_Adj	definitive
degenerate_Adj	degenerate
deltoidal_Adj	deltoidal
dendroidal_Adj	dendroidal
dense_Adj	dense
denumerable_Adj	denumerable
dependent_Adj	dependent
derivable_Adj	derivable
derivative_Adj	derivative
derived_Adj	derived
descriptive_Adj	descriptive
desugar_Adj	desugar
detailed_Adj	detailed
determinant_Adj	determinant
deterministic_Adj	deterministic
devoid_Adj	devoid
diagonal_Adj	diagonal
diagonalizable_Adj	diagonalizable
dicyclic_Adj	dicyclic
die_Adj	die
different_Adj	different
differentiable_Adj	differentiable
differential_Adj	differential
difficult_Adj	difficult
digital_Adj	digital
dihedral_Adj	dihedral
dimensional_Adj	dimensional
dinatural_Adj	dinatural
direct_Adj	direct
directed_Adj	directed
directional_Adj	directional
discrete_Adj	discrete
discriminant_Adj	discriminant
disdyakis_Adj	disdyakis
disjoint_Adj	disjoint
disjunctive_Adj	disjunctive
distinct_Adj	distinct
distinguishing_Adj	distinguishing
distributive_Adj	distributive
divisible_Adj	divisible
divisorial_Adj	divisorial
doable_Adj	doable
dodecahedral_Adj	dodecahedral
double_Adj	double
downward_Adj	downward
dual_Adj	dual
dummy_Adj	dummy
dynamic_Adj	dynamic
dynamical_Adj	dynamical
early_Adj	early
easy_Adj	easy
edgeless_Adj	edgeless
effective_Adj	effective
efficient_Adj	efficient
eigenvalue_Adj	eigenvalue
eighth_Adj	eighth
electric_Adj	electric
electromagnetic_Adj	electromagnetic
electronic_Adj	electronic
elegant_Adj	elegant
elementary_Adj	elementary
elliptic_Adj	elliptic
elongated_Adj	elongated
empty_Adj	empty
endpoint_Adj	endpoint
enjoyable_Adj	enjoyable
enneagonal_Adj	enneagonal
enough_Adj	enough
enriched_Adj	enriched
entire_Adj	entire
enumerable_Adj	enumerable
equal_Adj	equal
equatior_Adj	equatior
equinumerous_Adj	equinumerous
equivalent_Adj	equivalent
equivariant_Adj	equivariant
essential_Adj	essential
euclidean_Adj	euclidean
evectant_Adj	evectant
even_Adj	even
evident_Adj	evident
exact_Adj	exact
excellent_Adj	excellent
exceptional_Adj	exceptional
exciting_Adj	exciting
exclusive_Adj	exclusive
exhaustive_Adj	exhaustive
existential_Adj	existential
expansive_Adj	expansive
explicit_Adj	explicit
exponent_Adj	exponent
exponential_Adj	exponential
express_Adj	express
expressible_Adj	expressible
extended_Adj	extended
extensional_Adj	extensional
exterior_Adj	exterior
extra_Adj	extra
extraordinary_Adj	extraordinary
extremal_Adj	extremal
extreme_Adj	extreme
fair_Adj	fair
fairy_Adj	fairy
faithful_Adj	faithful
false_Adj	false
familiar_Adj	familiar
famous_Adj	famous
feasible_Adj	feasible
fibrant_Adj	fibrant
final_Adj	final
fine_Adj	fine
'finite-_Adj'	finite-
finite_Adj	finite
finitedimensional_Adj	finitedimensional
first_Adj	first
fixed_Adj	fixed
flabby_Adj	flabby
flat_Adj	flat
flexible_Adj	flexible
'for-trigonometric_Adj'	for-trigonometric
forgetful_Adj	forgetful
formal_Adj	formal
former_Adj	former
forthcoming_Adj	forthcoming
fortiori_Adj	fortiori
fortunate_Adj	fortunate
forward_Adj	forward
foundational_Adj	foundational
fourth_Adj	fourth
fractional_Adj	fractional
'fractions-over-a-principal_Adj'	fractions-over-a-principal
free_Adj	free
frelative_Adj	frelative
fresh_Adj	fresh
frugal_Adj	frugal
fruitful_Adj	fruitful
full_Adj	full
functional_Adj	functional
functorial_Adj	functorial
fundamental_Adj	fundamental
further_Adj	further
futile_Adj	futile
future_Adj	future
fuzzy_Adj	fuzzy
game_Adj	game
general_Adj	general
generalized_Adj	generalized
generic_Adj	generic
generous_Adj	generous
genuine_Adj	genuine
geodesic_Adj	geodesic
geodetic_Adj	geodetic
geological_Adj	geological
geometric_Adj	geometric
geometrical_Adj	geometrical
global_Adj	global
golden_Adj	golden
good_Adj	good
graceful_Adj	graceful
graded_Adj	graded
gradual_Adj	gradual
graphic_Adj	graphic
gratuitous_Adj	gratuitous
gravitational_Adj	gravitational
great_Adj	great
greatest_Adj	greatest
groupoidal_Adj	groupoidal
half_Adj	half
handed_Adj	handed
happy_Adj	happy
hard_Adj	hard
harmonic_Adj	harmonic
heavy_Adj	heavy
helpful_Adj	helpful
hendecagonal_Adj	hendecagonal
heptagonal_Adj	heptagonal
hereditary_Adj	hereditary
hermitian_Adj	hermitian
heterogeneous_Adj	heterogeneous
hexagonal_Adj	hexagonal
hexahedral_Adj	hexahedral
hexecontahedral_Adj	hexecontahedral
high_Adj	high
holomorphic_Adj	holomorphic
holonomic_Adj	holonomic
homogeneous_Adj	homogeneous
homological_Adj	homological
homologous_Adj	homologous
homothetic_Adj	homothetic
homotopic_Adj	homotopic
homotopical_Adj	homotopical
honest_Adj	honest
horizontal_Adj	horizontal
humanitarian_Adj	humanitarian
hybrid_Adj	hybrid
hyperbolic_Adj	hyperbolic
hyperfactorial_Adj	hyperfactorial
hyperoctahedral_Adj	hyperoctahedral
hyperperfect_Adj	hyperperfect
hypohamiltonian_Adj	hypohamiltonian
hypothetical_Adj	hypothetical
icosahedral_Adj	icosahedral
icosidodecahedral_Adj	icosidodecahedral
icositetrahedral_Adj	icositetrahedral
ideal_Adj	ideal
idempotent_Adj	idempotent
identical_Adj	identical
illustrative_Adj	illustrative
imaginary_Adj	imaginary
immediate_Adj	immediate
imperfect_Adj	imperfect
implicit_Adj	implicit
important_Adj	important
imposing_Adj	imposing
impossible_Adj	impossible
impredicative_Adj	impredicative
impressive_Adj	impressive
improper_Adj	improper
'in-one-indeterminate_Adj'	in-one-indeterminate
'in-transitive_Adj'	in-transitive
inaccessible_Adj	inaccessible
incompatible_Adj	incompatible
inconsistent_Adj	inconsistent
indecomposable_Adj	indecomposable
indefinite_Adj	indefinite
independent_Adj	independent
indescribable_Adj	indescribable
indeterminate_Adj	indeterminate
indexed_Adj	indexed
indispensable_Adj	indispensable
individual_Adj	individual
induced_Adj	induced
inductive_Adj	inductive
ineffable_Adj	ineffable
inexperienced_Adj	inexperienced
infinite_Adj	infinite
informal_Adj	informal
informational_Adj	informational
ingenious_Adj	ingenious
inhabit_Adj	inhabit
inhabited_Adj	inhabited
initial_Adj	initial
injective_Adj	injective
inner_Adj	inner
inscribed_Adj	inscribed
insightful_Adj	insightful
instant_Adj	instant
integer_Adj	integer
integrable_Adj	integrable
integral_Adj	integral
intellectual_Adj	intellectual
intensional_Adj	intensional
interderivable_Adj	interderivable
interested_Adj	interested
interesting_Adj	interesting
interior_Adj	interior
intermediate_Adj	intermediate
internal_Adj	internal
intricate_Adj	intricate
intrinsic_Adj	intrinsic
introductory_Adj	introductory
intuitive_Adj	intuitive
invariant_Adj	invariant
inverse_Adj	inverse
invertible_Adj	invertible
irrational_Adj	irrational
irreducible_Adj	irreducible
irreflexive_Adj	irreflexive
irregular_Adj	irregular
irrelevant_Adj	irrelevant
irrotational_Adj	irrotational
'is-decidable_Adj'	is-decidable
isdecidable_Adj	isdecidable
isolated_Adj	isolated
isomorphic_Adj	isomorphic
isosceles_Adj	isosceles
isotropic_Adj	isotropic
italic_Adj	italic
iterable_Adj	iterable
iterative_Adj	iterative
joint_Adj	joint
judgmental_Adj	judgmental
justified_Adj	justified
'k-truncated_Adj'	k-truncated
lanceolate_Adj	lanceolate
large_Adj	large
last_Adj	last
late_Adj	late
latent_Adj	latent
latexmath_Adj	latexmath
latin_Adj	latin
latter_Adj	latter
least_Adj	least
left_Adj	left
leftist_Adj	leftist
legitimate_Adj	legitimate
leqslant_Adj	leqslant
less_Adj	less
level_Adj	level
lexicographical_Adj	lexicographical
liable_Adj	liable
light_Adj	light
limited_Adj	limited
'linear-_Adj'	linear-
linear_Adj	linear
liquid_Adj	liquid
little_Adj	little
local_Adj	local
logarithmic_Adj	logarithmic
logaritmic_Adj	logaritmic
logical_Adj	logical
logistic_Adj	logistic
lonely_Adj	lonely
long_Adj	long
low_Adj	low
lucky_Adj	lucky
magic_Adj	magic
magnetic_Adj	magnetic
main_Adj	main
major_Adj	major
manageable_Adj	manageable
manifest_Adj	manifest
many_Adj	many
marginal_Adj	marginal
mass_Adj	mass
mat_Adj	mat
mathematical_Adj	mathematical
maximal_Adj	maximal
maximum_Adj	maximum
meagre_Adj	meagre
mean_Adj	mean
meaningful_Adj	meaningful
meaningless_Adj	meaningless
measurable_Adj	measurable
mechanical_Adj	mechanical
medial_Adj	medial
median_Adj	median
medium_Adj	medium
meet_Adj	meet
mere_Adj	mere
meromorphic_Adj	meromorphic
metabelian_Adj	metabelian
metabolic_Adj	metabolic
metaphysical_Adj	metaphysical
metaplectic_Adj	metaplectic
metric_Adj	metric
metrizable_Adj	metrizable
middle_Adj	middle
mild_Adj	mild
minimal_Adj	minimal
minimum_Adj	minimum
minor_Adj	minor
miscellaneous_Adj	miscellaneous
misleading_Adj	misleading
mixed_Adj	mixed
modal_Adj	modal
modern_Adj	modern
modular_Adj	modular
modulo_Adj	modulo
molar_Adj	molar
molecular_Adj	molecular
monogenic_Adj	monogenic
monoidal_Adj	monoidal
monomial_Adj	monomial
monotone_Adj	monotone
monotonic_Adj	monotonic
more_Adj	more
most_Adj	most
motivic_Adj	motivic
multi_Adj	multi
multidimensional_Adj	multidimensional
multilinear_Adj	multilinear
multimagic_Adj	multimagic
multimodal_Adj	multimodal
multipartite_Adj	multipartite
multiple_Adj	multiple
multiplicative_Adj	multiplicative
multivariate_Adj	multivariate
musical_Adj	musical
mutual_Adj	mutual
naive_Adj	naive
nameless_Adj	nameless
national_Adj	national
natural_Adj	natural
necessary_Adj	necessary
neg_Adj	neg
negative_Adj	negative
negligible_Adj	negligible
neutral_Adj	neutral
new_Adj	new
next_Adj	next
nice_Adj	nice
nilpotent_Adj	nilpotent
noetherian_Adj	noetherian
nominative_Adj	nominative
'non-algebraic_Adj'	non-algebraic
'non-commutative_Adj'	non-commutative
'non-constant_Adj'	non-constant
'non-degenerate_Adj'	non-degenerate
'non-dependent_Adj'	non-dependent
'non-diagonalizable_Adj'	non-diagonalizable
'non-empty_Adj'	non-empty
'non-isomorphic_Adj'	non-isomorphic
'non-isotropic_Adj'	non-isotropic
'non-proportional_Adj'	non-proportional
'non-relational_Adj'	non-relational
'non-singular_Adj'	non-singular
'non-trivial_Adj'	non-trivial
'non-unit_Adj'	non-unit
'non-vanishing_Adj'	non-vanishing
'non-zero_Adj'	non-zero
nonabelian_Adj	nonabelian
nonassociative_Adj	nonassociative
noncentral_Adj	noncentral
noncoherent_Adj	noncoherent
noncommutative_Adj	noncommutative
nonelementary_Adj	nonelementary
nonempty_Adj	nonempty
nonfinite_Adj	nonfinite
nonhomogeneous_Adj	nonhomogeneous
nonisotropic_Adj	nonisotropic
nonlinear_Adj	nonlinear
nonsingular_Adj	nonsingular
nontrivial_Adj	nontrivial
nonzero_Adj	nonzero
normable_Adj	normable
normal_Adj	normal
normalizer_Adj	normalizer
normed_Adj	normed
notable_Adj	notable
nth_Adj	nth
nuclear_Adj	nuclear
nugatory_Adj	nugatory
null_Adj	null
nullary_Adj	nullary
numerical_Adj	numerical
oblivious_Adj	oblivious
observable_Adj	observable
observational_Adj	observational
obvious_Adj	obvious
octahedral_Adj	octahedral
odd_Adj	odd
old_Adj	old
oligomorphic_Adj	oligomorphic
online_Adj	online
only_Adj	only
open_Adj	open
opposite_Adj	opposite
optical_Adj	optical
optimal_Adj	optimal
orderable_Adj	orderable
ordered_Adj	ordered
ordinal_Adj	ordinal
ordinary_Adj	ordinary
orientable_Adj	orientable
oriented_Adj	oriented
original_Adj	original
orthocentric_Adj	orthocentric
orthodox_Adj	orthodox
orthogonal_Adj	orthogonal
orthomodular_Adj	orthomodular
orthonormal_Adj	orthonormal
other_Adj	other
outer_Adj	outer
outerplanar_Adj	outerplanar
own_Adj	own
'p-adic_Adj'	p-adic
pairwise_Adj	pairwise
palindromic_Adj	palindromic
pandiagonal_Adj	pandiagonal
parabolic_Adj	parabolic
parallel_Adj	parallel
parallelepiped_Adj	parallelepiped
parallelogram_Adj	parallelogram
parametric_Adj	parametric
parasitic_Adj	parasitic
paraxial_Adj	paraxial
partial_Adj	partial
particular_Adj	particular
pedagogical_Adj	pedagogical
pedestrian_Adj	pedestrian
pentagonal_Adj	pentagonal
perfect_Adj	perfect
periodic_Adj	periodic
perpendicular_Adj	perpendicular
perpetuant_Adj	perpetuant
personal_Adj	personal
perverse_Adj	perverse
phantom_Adj	phantom
philatelic_Adj	philatelic
phylogenetic_Adj	phylogenetic
physical_Adj	physical
piecewise_Adj	piecewise
plactic_Adj	plactic
plain_Adj	plain
planar_Adj	planar
plausible_Adj	plausible
pneumatic_Adj	pneumatic
pointed_Adj	pointed
pointwise_Adj	pointwise
polar_Adj	polar
polycyclic_Adj	polycyclic
polyhedral_Adj	polyhedral
polynomial_Adj	polynomial
pompeblêd_Adj	pompeblêd
popular_Adj	popular
positive_Adj	positive
positivedefinite_Adj	positivedefinite
possible_Adj	possible
posterior_Adj	posterior
powerful_Adj	powerful
practical_Adj	practical
'pre-abelian_Adj'	pre-abelian
preadditive_Adj	preadditive
precise_Adj	precise
predictive_Adj	predictive
preferable_Adj	preferable
preordered_Adj	preordered
preregular_Adj	preregular
present_Adj	present
presentable_Adj	presentable
prevalent_Adj	prevalent
previous_Adj	previous
primal_Adj	primal
primary_Adj	primary
prime_Adj	prime
primitive_Adj	primitive
principal_Adj	principal
prior_Adj	prior
probable_Adj	probable
'product-propositional_Adj'	product-propositional
productive_Adj	productive
profinite_Adj	profinite
profitable_Adj	profitable
profound_Adj	profound
projective_Adj	projective
prolate_Adj	prolate
prominent_Adj	prominent
proper_Adj	proper
proportional_Adj	proportional
propositional_Adj	propositional
proprietary_Adj	proprietary
prosolvable_Adj	prosolvable
protective_Adj	protective
provable_Adj	provable
'pseudo-abelian_Adj'	pseudo-abelian
pseudo_Adj	pseudo
pseudometric_Adj	pseudometric
pseudoperfect_Adj	pseudoperfect
public_Adj	public
pure_Adj	pure
pushforward_Adj	pushforward
quad_Adj	quad
quadratic_Adj	quadratic
quadridual_Adj	quadridual
quadrilateral_Adj	quadrilateral
qualitative_Adj	qualitative
qualitive_Adj	qualitive
quartic_Adj	quartic
quasicoherent_Adj	quasicoherent
quasiconnex_Adj	quasiconnex
quasidihedral_Adj	quasidihedral
quasinormable_Adj	quasinormable
quasinormed_Adj	quasinormed
quasiorder_Adj	quasiorder
quasiordered_Adj	quasiordered
quasiperfect_Adj	quasiperfect
quasiperiodic_Adj	quasiperiodic
quasiprojective_Adj	quasiprojective
quasireflexive_Adj	quasireflexive
quasisimple_Adj	quasisimple
quaternionic_Adj	quaternionic
radial_Adj	radial
radio_Adj	radio
random_Adj	random
rare_Adj	rare
rational_Adj	rational
ready_Adj	ready
real_Adj	real
reasonable_Adj	reasonable
reciprocal_Adj	reciprocal
recognizable_Adj	recognizable
rectangular_Adj	rectangular
rectifiable_Adj	rectifiable
recursive_Adj	recursive
reduced_Adj	reduced
reducible_Adj	reducible
reductive_Adj	reductive
refactorable_Adj	refactorable
refined_Adj	refined
reflexible_Adj	reflexible
reflexive_Adj	reflexive
regular_Adj	regular
related_Adj	related
relative_Adj	relative
relevant_Adj	relevant
reliant_Adj	reliant
remarkable_Adj	remarkable
reminiscent_Adj	reminiscent
representable_Adj	representable
residual_Adj	residual
resounding_Adj	resounding
resp_Adj	resp
respective_Adj	respective
reverse_Adj	reverse
rewarded_Adj	rewarded
rhombic_Adj	rhombic
rhombicosidodecahedral_Adj	rhombicosidodecahedral
rhombicuboctahedral_Adj	rhombicuboctahedral
ridiculous_Adj	ridiculous
right_Adj	right
righthanded_Adj	righthanded
rigid_Adj	rigid
rigorous_Adj	rigorous
ringed_Adj	ringed
rooted_Adj	rooted
rough_Adj	rough
routine_Adj	routine
safe_Adj	safe
same_Adj	same
satellite_Adj	satellite
satisfied_Adj	satisfied
scalar_Adj	scalar
secant_Adj	secant
second_Adj	second
self_Adj	self
semantic_Adj	semantic
'semi-linear_Adj'	semi-linear
'semi-reflexive_Adj'	semi-reflexive
'semi-simple_Adj'	semi-simple
semi_Adj	semi
semialgebraic_Adj	semialgebraic
semiclassical_Adj	semiclassical
semidefinite_Adj	semidefinite
semihereditary_Adj	semihereditary
semilinear_Adj	semilinear
semimetric_Adj	semimetric
semimodular_Adj	semimodular
seminormable_Adj	seminormable
seminormal_Adj	seminormal
seminvariant_Adj	seminvariant
semiperfect_Adj	semiperfect
semiprimitive_Adj	semiprimitive
semiregular_Adj	semiregular
semisimple_Adj	semisimple
semistable_Adj	semistable
separable_Adj	separable
separate_Adj	separate
sequential_Adj	sequential
serious_Adj	serious
sesquilinear_Adj	sesquilinear
'set-level_Adj'	set-level
set_Adj	set
setminus_Adj	setminus
seventh_Adj	seventh
several_Adj	several
short_Adj	short
sided_Adj	sided
signal_Adj	signal
significant_Adj	significant
silent_Adj	silent
similar_Adj	similar
simple_Adj	simple
simplicial_Adj	simplicial
simultaneous_Adj	simultaneous
single_Adj	single
singular_Adj	singular
size_Adj	size
skew_Adj	skew
slack_Adj	slack
slight_Adj	slight
small_Adj	small
smart_Adj	smart
smooth_Adj	smooth
snub_Adj	snub
solenoidal_Adj	solenoidal
solid_Adj	solid
solitary_Adj	solitary
solvable_Adj	solvable
sparse_Adj	sparse
spatial_Adj	spatial
special_Adj	special
specific_Adj	specific
spectral_Adj	spectral
sphenic_Adj	sphenic
spherical_Adj	spherical
splay_Adj	splay
square_Adj	square
stable_Adj	stable
standard_Adj	standard
standardized_Adj	standardized
static_Adj	static
stationary_Adj	stationary
statistical_Adj	statistical
stochastic_Adj	stochastic
straightforward_Adj	straightforward
strange_Adj	strange
strategic_Adj	strategic
strict_Adj	strict
striking_Adj	striking
strong_Adj	strong
structural_Adj	structural
subfinite_Adj	subfinite
subject_Adj	subject
sublime_Adj	sublime
submodule_Adj	submodule
subring_Adj	subring
substitutable_Adj	substitutable
substructural_Adj	substructural
subtle_Adj	subtle
subuniverse_Adj	subuniverse
successive_Adj	successive
such_Adj	such
sufficient_Adj	sufficient
suitable_Adj	suitable
super_Adj	super
supercommutative_Adj	supercommutative
superfluous_Adj	superfluous
superior_Adj	superior
supersolvable_Adj	supersolvable
sure_Adj	sure
surface_Adj	surface
surjective_Adj	surjective
surplus_Adj	surplus
symbolic_Adj	symbolic
symmetric_Adj	symmetric
symplectic_Adj	symplectic
synthetic_Adj	synthetic
tall_Adj	tall
tame_Adj	tame
tangent_Adj	tangent
tangential_Adj	tangential
taxicab_Adj	taxicab
tempting_Adj	tempting
terminal_Adj	terminal
ternary_Adj	ternary
territorial_Adj	territorial
tetrahedral_Adj	tetrahedral
tetrakis_Adj	tetrakis
theoretic_Adj	theoretic
theoretical_Adj	theoretical
theoritic_Adj	theoritic
thermodynamic_Adj	thermodynamic
thin_Adj	thin
third_Adj	third
three_dimensional_Adj	three-dimensional
timelike_Adj	timelike
top_Adj	top
topological_Adj	topological
toral_Adj	toral
toric_Adj	toric
toroidal_Adj	toroidal
torsionless_Adj	torsionless
total_Adj	total
totative_Adj	totative
touchable_Adj	touchable
traditional_Adj	traditional
transcendental_Adj	transcendental
transendental_Adj	transendental
transfinite_Adj	transfinite
transitive_Adj	transitive
trapezoidal_Adj	trapezoidal
triacontahedral_Adj	triacontahedral
triangulable_Adj	triangulable
triangular_Adj	triangular
tridual_Adj	tridual
trigonal_Adj	trigonal
trigonometric_Adj	trigonometric
trilinear_Adj	trilinear
trimagic_Adj	trimagic
trinomial_Adj	trinomial
triple_Adj	triple
trirectangular_Adj	trirectangular
trivial_Adj	trivial
tropical_Adj	tropical
true_Adj	true
truncate_Adj	truncate
truncated_Adj	truncated
twisted_Adj	twisted
typal_Adj	typal
typeless_Adj	typeless
typical_Adj	typical
'u-small_Adj'	u-small
ultrametric_Adj	ultrametric
ultraproduct_Adj	ultraproduct
unable_Adj	unable
unaltered_Adj	unaltered
unary_Adj	unary
unbiased_Adj	unbiased
unbounded_Adj	unbounded
unchanged_Adj	unchanged
uncountable_Adj	uncountable
uncurrying_Adj	uncurrying
underlying_Adj	underlying
undirected_Adj	undirected
unfeasible_Adj	unfeasible
unfortunate_Adj	unfortunate
unified_Adj	unified
uniform_Adj	uniform
uniformizable_Adj	uniformizable
unimodal_Adj	unimodal
unimodular_Adj	unimodular
uninformed_Adj	uninformed
unintelligible_Adj	unintelligible
unipotent_Adj	unipotent
unique_Adj	unique
unital_Adj	unital
unitary_Adj	unitary
univalent_Adj	univalent
univariate_Adj	univariate
universal_Adj	universal
unknown_Adj	unknown
unlikely_Adj	unlikely
unlucky_Adj	unlucky
unnamed_Adj	unnamed
unnecessary_Adj	unnecessary
unnumbered_Adj	unnumbered
unordered_Adj	unordered
unorganized_Adj	unorganized
unoriented_Adj	unoriented
unreal_Adj	unreal
unreasonable_Adj	unreasonable
unrelated_Adj	unrelated
unspecified_Adj	unspecified
untouchable_Adj	untouchable
untrained_Adj	untrained
untyped_Adj	untyped
unusual_Adj	unusual
upper_Adj	upper
upward_Adj	upward
urban_Adj	urban
useful_Adj	useful
useless_Adj	useless
usual_Adj	usual
vacuous_Adj	vacuous
vague_Adj	vague
valid_Adj	valid
variable_Adj	variable
various_Adj	various
vertical_Adj	vertical
very_Adj	very
violent_Adj	violent
weak_Adj	weak
webbed_Adj	webbed
weighted_Adj	weighted
well_founded_Adj	well-founded
welldefined_Adj	welldefined
wherc_Adj	wherc
whole_Adj	whole
wide_Adj	wide
wild_Adj	wild
'with-respect_Adj'	with-respect
worldly_Adj	worldly
worth_Adj	worth
wrong_Adj	wrong
zero_Adj	zero
almost_everywhere_Adverb	almost everywhere
everywhere_Adverb	everywhere
non_Adverb	non
uniformly_Adverb	uniformly
ADE_Noun	ADE
Auslander_Noun	Auslander
Laman_Noun	Laman
Nöbeling_Noun	Nöbeling
Panjer_Noun	Panjer
abbreviation_Noun	abbreviation
abbreviaton_Noun	abbreviaton
abelianization_Noun	abelianization
abscissa_Noun	abscissa
absement_Noun	absement
absorption_Noun	absorption
abstract_Noun	abstract
abstraction_Noun	abstraction
absurdum_Noun	absurdum
abuse_Noun	abuse
acceptance_Noun	acceptance
accident_Noun	accident
accordance_Noun	accordance
account_Noun	account
accuracy_Noun	accuracy
acnode_Noun	acnode
acting_Noun	acting
action_Noun	action
activity_Noun	activity
addition_Noun	addition
adjoint_Noun	adjoint
adjugate_Noun	adjugate
adjunction_Noun	adjunction
advance_Noun	advance
advantage_Noun	advantage
advice_Noun	advice
affine_Noun	affine
age_Noun	age
agreement_Noun	agreement
aid_Noun	aid
aim_Noun	aim
airfoil_Noun	airfoil
alert_Noun	alert
algebra_Noun	algebra
algebraic_Noun	algebraic
algorithm_Noun	algorithm
align_Noun	align
aligned_Noun	aligned
allegory_Noun	allegory
alpha_Noun	alpha
alphabet_Noun	alphabet
alteration_Noun	alteration
altitude_Noun	altitude
ambient_Noun	ambient
ambiguity_Noun	ambiguity
amount_Noun	amount
amplitude_Noun	amplitude
'an-algebraic-equation_Noun'	an-algebraic-equation
'an-equation_Noun'	an-equation
anagram_Noun	anagram
analogue_Noun	analogue
analogy_Noun	analogy
analysis_Noun	analysis
anamorphism_Noun	anamorphism
'and-product-_Noun'	and-product-
angle_Noun	angle
anit_Noun	anit
annihilation_Noun	annihilation
annihilator_Noun	annihilator
annotation_Noun	annotation
annulus_Noun	annulus
answer_Noun	answer
anteclise_Noun	anteclise
antenne_Noun	antenne
antihomomorphism_Noun	antihomomorphism
antiprism_Noun	antiprism
antiquity_Noun	antiquity
antisimilitude_Noun	antisimilitude
antisymmetrization_Noun	antisymmetrization
antisymmetry_Noun	antisymmetry
apex_Noun	apex
appearance_Noun	appearance
appendix_Noun	appendix
application_Noun	application
approach_Noun	approach
approximation_Noun	approximation
apse_Noun	apse
arborescence_Noun	arborescence
arboricity_Noun	arboricity
arc_Noun	arc
architecture_Noun	architecture
area_Noun	area
argument_Noun	argument
arithmetic_Noun	arithmetic
arity_Noun	arity
army_Noun	army
array_Noun	array
arrival_Noun	arrival
arrow_Noun	arrow
art_Noun	art
aspect_Noun	aspect
assembly_Noun	assembly
assertion_Noun	assertion
assessment_Noun	assessment
assignment_Noun	assignment
assistant_Noun	assistant
associate_Noun	associate
associativity_Noun	associativity
associator_Noun	associator
assumption_Noun	assumption
astronomer_Noun	astronomer
asymmetry_Noun	asymmetry
atlas_Noun	atlas
atom_Noun	atom
attempt_Noun	attempt
attention_Noun	attention
attractor_Noun	attractor
auction_Noun	auction
augmentation_Noun	augmentation
author_Noun	author
automation_Noun	automation
automorphism_Noun	automorphism
availability_Noun	availability
avenue_Noun	avenue
avoidance_Noun	avoidance
axiom_Noun	axiom
axiomatization_Noun	axiomatization
axis_Noun	axis
'b-rule_Noun'	b-rule
background_Noun	background
balance_Noun	balance
balancing_Noun	balancing
ball_Noun	ball
band_Noun	band
bandit_Noun	bandit
bandwidth_Noun	bandwidth
bar_Noun	bar
barycenter_Noun	barycenter
barycentre_Noun	barycentre
base_Noun	base
basepoint_Noun	basepoint
basis_Noun	basis
basket_Noun	basket
battery_Noun	battery
beam_Noun	beam
beat_Noun	beat
beginner_Noun	beginner
beginning_Noun	beginning
behavior_Noun	behavior
behaviour_Noun	behaviour
bend_Noun	bend
benefit_Noun	benefit
betweenness_Noun	betweenness
'bi-implication_Noun'	bi-implication
bialgebra_Noun	bialgebra
bibliography_Noun	bibliography
bicategory_Noun	bicategory
biclique_Noun	biclique
bicone_Noun	bicone
bidual_Noun	bidual
biholomorphism_Noun	biholomorphism
bijection_Noun	bijection
bike_Noun	bike
bilinear_Noun	bilinear
bilinearity_Noun	bilinearity
billiards_Noun	billiards
bimodule_Noun	bimodule
bimorphism_Noun	bimorphism
binary_Noun	binary
binom_Noun	binom
'binomtype-recursion_Noun'	binomtype-recursion
biofeedback_Noun	biofeedback
biology_Noun	biology
bipartition_Noun	bipartition
biproduct_Noun	biproduct
bisection_Noun	bisection
bisector_Noun	bisector
bishop_Noun	bishop
bit_Noun	bit
blank_Noun	blank
block_Noun	block
blockfront_Noun	blockfront
board_Noun	board
body_Noun	body
boldsymboln_Noun	boldsymboln
boldsymbolp_Noun	boldsymbolp
bombé_Noun	bombé
book_Noun	book
bool_Noun	bool
boolean_Noun	boolean
booleanization_Noun	booleanization
bottleneck_Noun	bottleneck
bottom_Noun	bottom
bound_Noun	bound
boundary_Noun	boundary
bouquet_Noun	bouquet
bowl_Noun	bowl
boxicity_Noun	boxicity
brace_Noun	brace
bracket_Noun	bracket
bramble_Noun	bramble
branch_Noun	branch
brand_Noun	brand
breach_Noun	breach
break_Noun	break
breakfront_Noun	breakfront
brick_Noun	brick
bridge_Noun	bridge
bucket_Noun	bucket
building_Noun	building
bull_Noun	bull
bunch_Noun	bunch
bundle_Noun	bundle
burnup_Noun	burnup
butterfly_Noun	butterfly
'by-mean_Noun'	by-mean
cable_Noun	cable
cabtaxi_Noun	cabtaxi
cactus_Noun	cactus
cage_Noun	cage
cake_Noun	cake
calculation_Noun	calculation
calculus_Noun	calculus
calibration_Noun	calibration
call_Noun	call
camera_Noun	camera
cancellation_Noun	cancellation
candle_Noun	candle
cap_Noun	cap
card_Noun	card
cardinal_Noun	cardinal
cardinality_Noun	cardinality
care_Noun	care
carinate_Noun	carinate
carpet_Noun	carpet
carrier_Noun	carrier
cas_Noun	cas
case_Noun	case
cataclysm_Noun	cataclysm
catamorphism_Noun	catamorphism
catastrophe_Noun	catastrophe
catch_Noun	catch
categorification_Noun	categorification
category_Noun	category
catenary_Noun	catenary
caterpillar_Noun	caterpillar
cauchy_Noun	cauchy
cayley_Noun	cayley
cell_Noun	cell
center_Noun	center
centerline_Noun	centerline
centrality_Noun	centrality
centralizer_Noun	centralizer
centre_Noun	centre
centroid_Noun	centroid
century_Noun	century
certainty_Noun	certainty
chain_Noun	chain
chalk_Noun	chalk
challenge_Noun	challenge
chance_Noun	chance
change_Noun	change
channel_Noun	channel
chaos_Noun	chaos
chap_Noun	chap
chapter_Noun	chapter
character_Noun	character
characteristic_Noun	characteristic
characterization_Noun	characterization
charge_Noun	charge
charity_Noun	charity
chart_Noun	chart
chat_Noun	chat
check_Noun	check
checking_Noun	checking
chicken_Noun	chicken
child_Noun	child
choice_Noun	choice
chord_Noun	chord
chore_Noun	chore
chronosequence_Noun	chronosequence
'circle-induction_Noun'	circle-induction
'circle-universal-cover_Noun'	circle-universal-cover
circle_Noun	circle
circuit_Noun	circuit
circulant_Noun	circulant
circumstance_Noun	circumstance
citation_Noun	citation
cite_Noun	cite
claim_Noun	claim
class_Noun	class
classification_Noun	classification
classifier_Noun	classifier
clause_Noun	clause
claw_Noun	claw
climate_Noun	climate
clique_Noun	clique
clopen_Noun	clopen
closure_Noun	closure
cloud_Noun	cloud
club_Noun	club
cluster_Noun	cluster
cocycle_Noun	cocycle
code_Noun	code
codensity_Noun	codensity
codimension_Noun	codimension
coding_Noun	coding
codiscrete_Noun	codiscrete
codomain_Noun	codomain
coefficien_Noun	coefficien
coefficient_Noun	coefficient
coequalizer_Noun	coequalizer
cofficient_Noun	cofficient
cofibration_Noun	cofibration
cograph_Noun	cograph
coherence_Noun	coherence
cohomology_Noun	cohomology
coimage_Noun	coimage
coin_Noun	coin
coinduction_Noun	coinduction
cokernel_Noun	cokernel
colimit_Noun	colimit
collect_Noun	collect
collection_Noun	collection
collocation_Noun	collocation
colon_Noun	colon
coloring_Noun	coloring
colour_Noun	colour
'column-matrix_Noun'	column-matrix
column_Noun	column
comb_Noun	comb
combination_Noun	combination
combinatoric_Noun	combinatoric
comma_Noun	comma
command_Noun	command
comment_Noun	comment
community_Noun	community
commuta_Noun	commuta
commutation_Noun	commutation
commutativity_Noun	commutativity
commutator_Noun	commutator
commute_Noun	commute
comodule_Noun	comodule
compact_Noun	compact
compactification_Noun	compactification
compactness_Noun	compactness
compactum_Noun	compactum
comparability_Noun	comparability
comparison_Noun	comparison
compass_Noun	compass
complement_Noun	complement
completeness_Noun	completeness
completion_Noun	completion
complex_Noun	complex
complexification_Noun	complexification
component_Noun	component
composite_Noun	composite
composition_Noun	composition
comprehension_Noun	comprehension
computation_Noun	computation
compute_Noun	compute
computer_Noun	computer
concatenation_Noun	concatenation
concentration_Noun	concentration
concept_Noun	concept
concern_Noun	concern
conclusion_Noun	conclusion
concomitant_Noun	concomitant
concrete_Noun	concrete
concurrence_Noun	concurrence
condensation_Noun	condensation
condition_Noun	condition
conditioning_Noun	conditioning
cone_Noun	cone
conference_Noun	conference
confidence_Noun	confidence
configuration_Noun	configuration
configuring_Noun	configuring
conflagration_Noun	conflagration
conformity_Noun	conformity
confusion_Noun	confusion
congruence_Noun	congruence
conic_Noun	conic
conjecture_Noun	conjecture
conjugacy_Noun	conjugacy
conjugate_Noun	conjugate
conjugation_Noun	conjugation
conjunction_Noun	conjunction
connectedness_Noun	connectedness
connection_Noun	connection
connective_Noun	connective
connectivity_Noun	connectivity
connectome_Noun	connectome
connex_Noun	connex
consequence_Noun	consequence
consideration_Noun	consideration
consistency_Noun	consistency
consisting_Noun	consisting
constant_Noun	constant
constraint_Noun	constraint
construct_Noun	construct
construction_Noun	construction
constructor_Noun	constructor
contact_Noun	contact
content_Noun	content
contents_Noun	contents
context_Noun	context
continuation_Noun	continuation
continuity_Noun	continuity
continuum_Noun	continuum
contour_Noun	contour
contractibility_Noun	contractibility
contraction_Noun	contraction
contradiction_Noun	contradiction
contrary_Noun	contrary
contravariant_Noun	contravariant
contribution_Noun	contribution
control_Noun	control
controllability_Noun	controllability
convenience_Noun	convenience
convention_Noun	convention
convergence_Noun	convergence
conversation_Noun	conversation
converse_Noun	converse
conversion_Noun	conversion
convexity_Noun	convexity
conviction_Noun	conviction
convolution_Noun	convolution
coordinate_Noun	coordinate
coordination_Noun	coordination
coprime_Noun	coprime
coprod_Noun	coprod
coproduct_Noun	coproduct
copy_Noun	copy
cordinate_Noun	cordinate
core_Noun	core
corecursion_Noun	corecursion
corniform_Noun	corniform
corollary_Noun	corollary
correctness_Noun	correctness
correlation_Noun	correlation
correspondence_Noun	correspondence
coset_Noun	coset
cosine_Noun	cosine
cosmos_cosmoi_Noun	cosmos
cost_Noun	cost
cotriple_Noun	cotriple
'count-decidable-proposition_Noun'	count-decidable-proposition
count_Noun	count
counter_Noun	counter
counterexample_Noun	counterexample
counterpart_Noun	counterpart
counting_Noun	counting
course_Noun	course
court_Noun	court
covariance_Noun	covariance
covector_Noun	covector
cover_Noun	cover
covering_Noun	covering
cramer_Noun	cramer
creation_Noun	creation
credibility_Noun	credibility
crescent_Noun	crescent
cricket_Noun	cricket
crime_Noun	crime
crisis_Noun	crisis
criterion_Noun	criterion
cross_section_Noun	cross-section
crossing_Noun	crossing
crown_Noun	crown
cryptomorphism_Noun	cryptomorphism
csgn_Noun	csgn
cube_Noun	cube
cuboctahedral_Noun	cuboctahedral
cuboid_Noun	cuboid
cup_Noun	cup
currency_Noun	currency
curse_Noun	curse
curvature_Noun	curvature
curve_Noun	curve
curvelet_Noun	curvelet
customer_Noun	customer
cut_Noun	cut
cutting_Noun	cutting
cycle_Noun	cycle
cycling_Noun	cycling
cylinder_Noun	cylinder
'd-b_Noun'	d-b
dagger_Noun	dagger
dam_Noun	dam
dancing_Noun	dancing
dart_Noun	dart
data_Noun	data
date_Noun	date
day_Noun	day
deadlock_Noun	deadlock
decade_Noun	decade
decidability_Noun	decidability
decision_Noun	decision
deck_Noun	deck
declaration_Noun	declaration
decode_Noun	decode
decompositicn_Noun	decompositicn
decomposition_Noun	decomposition
dedekind_Noun	dedekind
deduction_Noun	deduction
default_Noun	default
defect_Noun	defect
definition_Noun	definition
deformation_Noun	deformation
degeneracy_Noun	degeneracy
degree_Noun	degree
delay_Noun	delay
delooping_Noun	delooping
delta_Noun	delta
deluge_Noun	deluge
dement_Noun	dement
denominator_Noun	denominator
density_Noun	density
departure_Noun	departure
dependence_Noun	dependence
dependency_Noun	dependency
depth_Noun	depth
derangement_Noun	derangement
derivable_Noun	derivable
derivation_Noun	derivation
derivative_Noun	derivative
derivator_Noun	derivator
descent_Noun	descent
description_Noun	description
desiderata_Noun	desiderata
design_Noun	design
destination_Noun	destination
detachment_Noun	detachment
detail_Noun	detail
determinacy_Noun	determinacy
determinant_Noun	determinant
development_Noun	development
deviation_Noun	deviation
diagonal_Noun	diagonal
diagonalization_Noun	diagonalization
diagram_Noun	diagram
diameter_Noun	diameter
diamond_Noun	diamond
dictionary_Noun	dictionary
diffeomorphism_Noun	diffeomorphism
difference_Noun	difference
differentiability_Noun	differentiability
differential_Noun	differential
differentiation_Noun	differentiation
difficulty_Noun	difficulty
diffiety_Noun	diffiety
digit_Noun	digit
digraph_Noun	digraph
dihedral_Noun	dihedral
dilatation_Noun	dilatation
dimension_Noun	dimension
diophantine_Noun	diophantine
dipole_Noun	dipole
direction_Noun	direction
director_Noun	director
disadvantage_Noun	disadvantage
disc_Noun	disc
discipline_Noun	discipline
disconnection_Noun	disconnection
discontinuum_Noun	discontinuum
discovery_Noun	discovery
discriminant_Noun	discriminant
discussion_Noun	discussion
disease_Noun	disease
disjointness_Noun	disjointness
disjunction_Noun	disjunction
disk_Noun	disk
disphenoid_Noun	disphenoid
displacement_Noun	displacement
display_Noun	display
displayquote_Noun	displayquote
disposal_Noun	disposal
dissimilarity_Noun	dissimilarity
distance_Noun	distance
distinct_Noun	distinct
distinction_Noun	distinction
distribution_Noun	distribution
distributivity_Noun	distributivity
divergence_Noun	divergence
divisibility_Noun	divisibility
division_Noun	division
divisor_Noun	divisor
dollar_Noun	dollar
'domain-_Noun'	domain-
domain_Noun	domain
dominance_Noun	dominance
domino_Noun	domino
door_Noun	door
double_Noun	double
downcasting_Noun	downcasting
draft_Noun	draft
draw_Noun	draw
drill_Noun	drill
dual_Noun	dual
duality_Noun	duality
duck_Noun	duck
dutomorphism_Noun	dutomorphism
dynamics_Noun	dynamics
eccentricity_Noun	eccentricity
economics_Noun	economics
edge_Noun	edge
effect_Noun	effect
effectiveness_Noun	effectiveness
effort_Noun	effort
eigengap_Noun	eigengap
eigenspace_Noun	eigenspace
eigenvalue_Noun	eigenvalue
eigenvector_Noun	eigenvector
elastic_Noun	elastic
electronics_Noun	electronics
element_Noun	element
elementhood_Noun	elementhood
elimination_Noun	elimination
ellipsoid_Noun	ellipsoid
elocution_Noun	elocution
embed_Noun	embed
embedding_Noun	embedding
emergence_Noun	emergence
emergency_Noun	emergency
encoding_Noun	encoding
end_Noun	end
endemicity_Noun	endemicity
endofunctor_Noun	endofunctor
endomorphism_Noun	endomorphism
endpoint_Noun	endpoint
energy_Noun	energy
ensemble_Noun	ensemble
entanglement_Noun	entanglement
entity_Noun	entity
entry_Noun	entry
enunciation_Noun	enunciation
envelope_Noun	envelope
enveloping_Noun	enveloping
environment_Noun	environment
epidemic_Noun	epidemic
epigroup_Noun	epigroup
epimorphism_Noun	epimorphism
equal_Noun	equal
equaliser_Noun	equaliser
equality_Noun	equality
equation_Noun	equation
equivalence_Noun	equivalence
equivalent_Noun	equivalent
error_Noun	error
escutcheon_Noun	escutcheon
estate_Noun	estate
estimator_Noun	estimator
etale_Noun	etale
evaluation_Noun	evaluation
even_Noun	even
event_Noun	event
evidence_Noun	evidence
examination_Noun	examination
example_Noun	example
exception_Noun	exception
excess_Noun	excess
exchange_Noun	exchange
exercise_Noun	exercise
exercisecounter_Noun	exercisecounter
exergue_Noun	exergue
exhaustion_Noun	exhaustion
existence_Noun	existence
expand_Noun	expand
expander_Noun	expander
expansion_Noun	expansion
expectation_Noun	expectation
experience_Noun	experience
explanation_Noun	explanation
exponent_Noun	exponent
exponential_Noun	exponential
expression_Noun	expression
extension_Noun	extension
extensionality_Noun	extensionality
extent_Noun	extent
exterior_Noun	exterior
extremal_Noun	extremal
extreme_Noun	extreme
eye_Noun	eye
f_Noun	f
fact_Noun	fact
factor_Noun	factor
factorial_Noun	factorial
factorion_Noun	factorion
factorization_Noun	factorization
failure_Noun	failure
fairness_Noun	fairness
family_Noun	family
famine_Noun	famine
fast_Noun	fast
feature_Noun	feature
feedback_Noun	feedback
fenogram_Noun	fenogram
'fiber-inclusion_Noun'	fiber-inclusion
fiber_Noun	fiber
fibonacci_Noun	fibonacci
fibration_Noun	fibration
field_Noun	field
figure_Noun	figure
file_Noun	file
filter_Noun	filter
filtration_Noun	filtration
finding_Noun	finding
finesse_Noun	finesse
finger_Noun	finger
'finite-choice_Noun'	finite-choice
finiteness_Noun	finiteness
fish_Noun	fish
fissure_Noun	fissure
fitting_Noun	fitting
fixpoint_Noun	fixpoint
flag_Noun	flag
flatness_Noun	flatness
floating_Noun	floating
flooding_Noun	flooding
floor_Noun	floor
flow_Noun	flow
flower_Noun	flower
flush_Noun	flush
flux_Noun	flux
focus_Noun	focus
fold_Noun	fold
font_Noun	font
footnote_Noun	footnote
force_Noun	force
foreclosure_Noun	foreclosure
forest_Noun	forest
fork_Noun	fork
form_Noun	form
formalization_Noun	formalization
format_Noun	format
formation_Noun	formation
formedness_Noun	formedness
forming_Noun	forming
formula_Noun	formula
formulae_Noun	formulae
formulation_Noun	formulation
fortiori_Noun	fortiori
foundation_Noun	foundation
fourier_Noun	fourier
fractal_Noun	fractal
fraction_Noun	fraction
frame_Noun	frame
framework_Noun	framework
free_Noun	free
freeway_Noun	freeway
frequency_Noun	frequency
friendship_Noun	friendship
frieze_Noun	frieze
front_Noun	front
frontier_Noun	frontier
function_Noun	function
functor_Noun	functor
functoriality_Noun	functoriality
fundamental_Noun	fundamental
fusion_Noun	fusion
future_Noun	future
game_Noun	game
gamma_Noun	gamma
gathered_Noun	gathered
gauge_Noun	gauge
gem_Noun	gem
gene_Noun	gene
generalisation_Noun	generalisation
generality_Noun	generality
generalization_Noun	generalization
generating_Noun	generating
generation_Noun	generation
generator_Noun	generator
genus_Noun	genus
geometry_Noun	geometry
geqslant_Noun	geqslant
germ_Noun	germ
girth_Noun	girth
glance_Noun	glance
glossary_Noun	glossary
goal_Noun	goal
government_Noun	government
gradient_Noun	gradient
graduation_Noun	graduation
gram_Noun	gram
grammar_Noun	grammar
grant_Noun	grant
graph_Noun	graph
gravity_Noun	gravity
ground_Noun	ground
group_Noun	group
groupoid_Noun	groupoid
growth_Noun	growth
habit_Noun	habit
hack_Noun	hack
hairstyle_Noun	hairstyle
half_Noun	half
halfplane_Noun	halfplane
hamilton_Noun	hamilton
hand_Noun	hand
handling_Noun	handling
harm_Noun	harm
harshad_Noun	harshad
hash_Noun	hash
head_Noun	head
health_Noun	health
heap_Noun	heap
heart_Noun	heart
hedgehog_Noun	hedgehog
height_Noun	height
helix_Noun	helix
help_Noun	help
heptanacci_Noun	heptanacci
hexahedron_Noun	hexahedron
hierarchy_Noun	hierarchy
hint_Noun	hint
hiragana_Noun	hiragana
hole_Noun	hole
holomorph_Noun	holomorph
holonomy_Noun	holonomy
hom_Noun	hom
homeomorphism_Noun	homeomorphism
homework_Noun	homework
homogeneity_Noun	homogeneity
homography_Noun	homography
homology_Noun	homology
homomorphism_Noun	homomorphism
homothety_Noun	homothety
homotopy_Noun	homotopy
honeycomb_Noun	honeycomb
hook_Noun	hook
hope_Noun	hope
horseshoe_Noun	horseshoe
hosohedron_Noun	hosohedron
house_Noun	house
hull_Noun	hull
hylomorphism_Noun	hylomorphism
hyperball_Noun	hyperball
hyperboloid_Noun	hyperboloid
hypercube_Noun	hypercube
hypercycle_Noun	hypercycle
hyperedge_Noun	hyperedge
hyperfunction_Noun	hyperfunction
hypergraph_Noun	hypergraph
hyperplane_Noun	hyperplane
hypersurface_Noun	hypersurface
hypothesis_Noun	hypothesis
icosahedral_Noun	icosahedral
idea_Noun	idea
ideal_Noun	ideal
idempotence_Noun	idempotence
identification_Noun	identification
identifier_Noun	identifier
'identity-principle_Noun'	identity-principle
identity_Noun	identity
illustration_Noun	illustration
image_Noun	image
immersion_Noun	immersion
implementation_Noun	implementation
implication_Noun	implication
implosion_Noun	implosion
importance_Noun	importance
impossibility_Noun	impossibility
improvement_Noun	improvement
inaccuracy_Noun	inaccuracy
inclusion_Noun	inclusion
inconsistency_Noun	inconsistency
ind_Noun	ind
indegree_Noun	indegree
independence_Noun	independence
indeterminacy_Noun	indeterminacy
indeterminate_Noun	indeterminate
index_Noun	index
indexing_Noun	indexing
indicator_Noun	indicator
indicatrix_Noun	indicatrix
indice_Noun	indice
induction_Noun	induction
inequality_Noun	inequality
inertia_Noun	inertia
inference_Noun	inference
infimum_Noun	infimum
infinitude_Noun	infinitude
infinity_Noun	infinity
information_Noun	information
infty_Noun	infty
ingredient_Noun	ingredient
inhabitant_Noun	inhabitant
injection_Noun	injection
injective_Noun	injective
injectivity_Noun	injectivity
input_Noun	input
insight_Noun	insight
inspection_Noun	inspection
inspiration_Noun	inspiration
instruction_Noun	instruction
instrument_Noun	instrument
instrumentation_Noun	instrumentation
integer_Noun	integer
integral_Noun	integral
integration_Noun	integration
integrity_Noun	integrity
intelligence_Noun	intelligence
interchange_Noun	interchange
interest_Noun	interest
interference_Noun	interference
interior_Noun	interior
interpolation_Noun	interpolation
interpretation_Noun	interpretation
intersection_Noun	intersection
interval_Noun	interval
intricacy_Noun	intricacy
intro_Noun	intro
introduction_Noun	introduction
intuition_Noun	intuition
invariance_Noun	invariance
invariant_Noun	invariant
invasion_Noun	invasion
invention_Noun	invention
inverse_Noun	inverse
inversion_Noun	inversion
invertibility_Noun	invertibility
investigation_Noun	investigation
involution_Noun	involution
ion_Noun	ion
irrationality_Noun	irrationality
irreducibility_Noun	irreducibility
irreflexivity_Noun	irreflexivity
irrelevance_Noun	irrelevance
isogeny_Noun	isogeny
isoline_Noun	isoline
isometry_Noun	isometry
isomorphism_Noun	isomorphism
isotopy_Noun	isotopy
issue_Noun	issue
item_Noun	item
job_Noun	job
join_Noun	join
judgment_Noun	judgment
justification_Noun	justification
kernel_Noun	kernel
key_Noun	key
killing_Noun	killing
kind_Noun	kind
king_Noun	king
kinship_Noun	kinship
kite_Noun	kite
knapsack_Noun	knapsack
knight_Noun	knight
knot_Noun	knot
knowledge_Noun	knowledge
label_Noun	label
labelenumi_Noun	labelenumi
labeling_Noun	labeling
ladder_Noun	ladder
lambda_Noun	lambda
lamplighter_Noun	lamplighter
land_Noun	land
landslide_Noun	landslide
lane_Noun	lane
language_Noun	language
lare_Noun	lare
latexmath_Noun	latexmath
latitude_Noun	latitude
lattice_Noun	lattice
law_Noun	law
layer_Noun	layer
lead_Noun	lead
leaf_Noun	leaf
leave_Noun	leave
lecture_Noun	lecture
left_Noun	left
lefthand_Noun	lefthand
lemma_Noun	lemma
length_Noun	length
leqslant_Noun	leqslant
letter_Noun	letter
level_Noun	level
liberty_Noun	liberty
library_Noun	library
lie_Noun	lie
life_Noun	life
lift_Noun	lift
lifting_Noun	lifting
light_Noun	light
likelihood_Noun	likelihood
liking_Noun	liking
limit_Noun	limit
limitation_Noun	limitation
limiting_Noun	limiting
line_Noun	line
'linear-equation_Noun'	linear-equation
link_Noun	link
linking_Noun	linking
list_Noun	list
lll_Noun	lll
lobster_Noun	lobster
localization_Noun	localization
location_Noun	location
locus_Noun	locus
logarithm_Noun	logarithm
logic_Noun	logic
longhorn_Noun	longhorn
loop_Noun	loop
loopback_Noun	loopback
loss_Noun	loss
lot_Noun	lot
lozenge_Noun	lozenge
luminescence_Noun	luminescence
lune_Noun	lune
macro_Noun	macro
magic_Noun	magic
magma_Noun	magma
magnification_Noun	magnification
magnitude_Noun	magnitude
major_Noun	major
majoration_Noun	majoration
majority_Noun	majority
majorization_Noun	majorization
manifold_Noun	manifold
manner_Noun	manner
map_Noun	map
maple_Noun	maple
mapping_Noun	mapping
margin_Noun	margin
market_Noun	market
martingale_Noun	martingale
mass_Noun	mass
master_Noun	master
match_Noun	match
matching_Noun	matching
matchstick_Noun	matchstick
material_Noun	material
mathcal_Noun	mathcal
mathematician_Noun	mathematician
mathematics_Noun	mathematics
mathfrak_Noun	mathfrak
mathrm_Noun	mathrm
matrice_Noun	matrice
matrix_Noun	matrix
matroid_Noun	matroid
matter_Noun	matter
maturity_Noun	maturity
maximality_Noun	maximality
maximum_Noun	maximum
meaning_Noun	meaning
means_Noun	means
measure_Noun	measure
measurement_Noun	measurement
mechanic_Noun	mechanic
mechanism_Noun	mechanism
median_Noun	median
meet_Noun	meet
melody_Noun	melody
mention_Noun	mention
mentor_Noun	mentor
merit_Noun	merit
mess_Noun	mess
metanilpotent_Noun	metanilpotent
metatheorem_Noun	metatheorem
meter_Noun	meter
method_Noun	method
middle_Noun	middle
midpoint_Noun	midpoint
mind_Noun	mind
minimality_Noun	minimality
minimum_Noun	minimum
mining_Noun	mining
minisuperspace_Noun	minisuperspace
minmum_Noun	minmum
minor_Noun	minor
mirror_Noun	mirror
mix_Noun	mix
mixture_Noun	mixture
modality_Noun	modality
mode_Noun	mode
model_Noun	model
modeling_Noun	modeling
modification_Noun	modification
module_Noun	module
moduli_Noun	moduli
modulo_Noun	modulo
modulus_Noun	modulus
moment_Noun	moment
momentum_Noun	momentum
monad_Noun	monad
monkey_Noun	monkey
monoid_Noun	monoid
monomial_Noun	monomial
monomorphism_Noun	monomorphism
monster_Noun	monster
morphism_Noun	morphism
moth_Noun	moth
motion_Noun	motion
motivation_Noun	motivation
motive_Noun	motive
movement_Noun	movement
mover_Noun	mover
multidigraph_Noun	multidigraph
multigraph_Noun	multigraph
multilinearity_Noun	multilinearity
multiple_Noun	multiple
multiplication_Noun	multiplication
multiplicative_Noun	multiplicative
multiplicity_Noun	multiplicity
multiplier_Noun	multiplier
multiset_Noun	multiset
multitree_Noun	multitree
multivector_Noun	multivector
murder_Noun	murder
mushroom_Noun	mushroom
'n-category_Noun'	n-category
n_Noun	n
name_Noun	name
natural_Noun	natural number
naturality_Noun	naturality
nature_Noun	nature
necessity_Noun	necessity
negation_Noun	negation
negative_Noun	negative
neighbor_Noun	neighbor
neighborhood_Noun	neighborhood
neighbourhood_Noun	neighbourhood
nerve_Noun	nerve
net_Noun	net
network_Noun	network
node_Noun	node
noetherian_Noun	noetherian
noid_Noun	noid
noncototient_Noun	noncototient
none_Noun	none
nonempty_Noun	nonempty
nonsense_Noun	nonsense
nontotient_Noun	nontotient
nonzero_Noun	nonzero
norm_Noun	norm
normal_Noun	normal
normalization_Noun	normalization
normalizer_Noun	normalizer
notation_Noun	notation
note_Noun	note
notice_Noun	notice
notion_Noun	notion
number_Noun	number
numbering_Noun	numbering
numerator_Noun	numerator
object_Noun	object
objection_Noun	objection
oblong_Noun	oblong
observation_Noun	observation
obstacle_Noun	obstacle
occasion_Noun	occasion
occurrence_Noun	occurrence
octahedron_Noun	octahedron
omega_Noun	omega
one_Noun	one
ontology_Noun	ontology
open_Noun	open
opening_Noun	opening
operating_Noun	operating
operation_Noun	operation
operator_Noun	operator
opposite_Noun	opposite
option_Noun	option
orbit_Noun	orbit
order_Noun	order
ordering_Noun	ordering
ordertopology_Noun	ordertopology
ordinal_Noun	ordinal
ordinance_Noun	ordinance
orientability_Noun	orientability
orientation_Noun	orientation
origin_Noun	origin
orthant_Noun	orthant
orthocompact_Noun	orthocompact
orthogonality_Noun	orthogonality
orthonormality_Noun	orthonormality
oscillation_Noun	oscillation
other_Noun	other
outcome_Noun	outcome
outdegree_Noun	outdegree
outline_Noun	outline
output_Noun	output
oval_Noun	oval
overdetermination_Noun	overdetermination
overlap_Noun	overlap
overring_Noun	overring
overview_Noun	overview
ovoid_Noun	ovoid
oxbow_Noun	oxbow
p_Noun	p
page_Noun	page
pagoda_Noun	pagoda
pair_Noun	pair
pairing_Noun	pairing
pairwise_Noun	pairwise
palette_Noun	palette
pancake_Noun	pancake
paper_Noun	paper
paraboloid_Noun	paraboloid
paradox_Noun	paradox
paragraph_Noun	paragraph
parallel_Noun	parallel
parallelepiped_Noun	parallelepiped
parallelogram_Noun	parallelogram
parameter_Noun	parameter
parapluie_Noun	parapluie
parent_Noun	parent
parity_Noun	parity
part_Noun	part
participant_Noun	participant
partition_Noun	partition
partitioning_Noun	partitioning
parts_Noun	parts
passage_Noun	passage
passing_Noun	passing
path_Noun	path
pathway_Noun	pathway
pattern_Noun	pattern
paw_Noun	paw
payoff_Noun	payoff
pencil_Noun	pencil
penny_pence_Noun	penny
pentagon_Noun	pentagon
people_Noun	people
peptide_Noun	peptide
perception_Noun	perception
percolation_Noun	percolation
performance_Noun	performance
period_Noun	period
periodicity_Noun	periodicity
permutation_Noun	permutation
permutohedron_Noun	permutohedron
perspective_Noun	perspective
phantom_Noun	phantom
phase_Noun	phase
phenomenon_Noun	phenomenon
philosophy_Noun	philosophy
phrase_Noun	phrase
physicist_Noun	physicist
physics_Noun	physics
'pi-type_Noun'	pi-type
picture_Noun	picture
pie_Noun	pie
piece_Noun	piece
pinwheel_Noun	pinwheel
pioneer_Noun	pioneer
piscis_Noun	piscis
pitch_Noun	pitch
place_Noun	place
plan_Noun	plan
plane_Noun	plane
plank_Noun	plank
plenty_Noun	plenty
point_Noun	point
pointed_Noun	pointed
pointer_Noun	pointer
pointwise_Noun	pointwise
pointy_Noun	pointy
poker_Noun	poker
pole_Noun	pole
polyforest_Noun	polyforest
polygon_Noun	polygon
polyhedra_Noun	polyhedra
polyhedron_Noun	polyhedron
polymorphism_Noun	polymorphism
polynomial_Noun	polynomial
polyomino_Noun	polyomino
polytope_Noun	polytope
polytree_Noun	polytree
pop_Noun	pop
portrait_Noun	portrait
poset_Noun	poset
position_Noun	position
possibility_Noun	possibility
'post-composition_Noun'	post-composition
post_Noun	post
postcomposition_Noun	postcomposition
postdoc_Noun	postdoc
postulate_Noun	postulate
potential_Noun	potential
power_Noun	power
powerset_Noun	powerset
pqr_Noun	pqr
practice_Noun	practice
'pre-image_Noun'	pre-image
prebasis_Noun	prebasis
precaution_Noun	precaution
preclosure_Noun	preclosure
precomposition_Noun	precomposition
precursor_Noun	precursor
predecessor_Noun	predecessor
predicate_Noun	predicate
prefix_Noun	prefix
preimage_Noun	preimage
preliminary_Noun	preliminary
premise_Noun	premise
preorder_Noun	preorder
preordering_Noun	preordering
prescription_Noun	prescription
presence_Noun	presence
presentation_Noun	presentation
preserving_Noun	preserving
presheaf_Noun	presheaf
pressure_Noun	pressure
presupposition_Noun	presupposition
price_Noun	price
prime_Noun	prime
principle_Noun	principle
priori_Noun	priori
prism_Noun	prism
privacy_Noun	privacy
probability_Noun	probability
problem_Noun	problem
procedure_Noun	procedure
process_Noun	process
product_Noun	product
profit_Noun	profit
profunctor_Noun	profunctor
program_Noun	program
programme_Noun	programme
programming_Noun	programming
progress_Noun	progress
project_Noun	project
projection_Noun	projection
projectivization_Noun	projectivization
promotion_Noun	promotion
proof_Noun	proof
property_Noun	property
proposition_Noun	proposition
proteasome_Noun	proteasome
proviso_Noun	proviso
proximity_Noun	proximity
pseudo_Noun	pseudo
pseudoforest_Noun	pseudoforest
pseudograph_Noun	pseudograph
pseudogroup_Noun	pseudogroup
pseudomanifold_Noun	pseudomanifold
pseudoreflection_Noun	pseudoreflection
pseudotree_Noun	pseudotree
puation_Noun	puation
publication_Noun	publication
pullback_Noun	pullback
purpose_Noun	purpose
pushout_Noun	pushout
put_Noun	put
puzzle_Noun	puzzle
pyramid_Noun	pyramid
quad_Noun	quad
quadratic_Noun	quadratic
quadric_Noun	quadric
quadruple_Noun	quadruple
quantale_Noun	quantale
quantification_Noun	quantification
quantifier_Noun	quantifier
quantity_Noun	quantity
quantum_Noun	quantum
quarter_Noun	quarter
quasigeoid_Noun	quasigeoid
quasigroup_Noun	quasigroup
quasimorphism_Noun	quasimorphism
quasiorder_Noun	quasiorder
quasitopo_Noun	quasitopo
quasivariety_Noun	quasivariety
quaternion_Noun	quaternion
queap_Noun	queap
queen_Noun	queen
question_Noun	question
queue_Noun	queue
quiver_Noun	quiver
'quotient-effective_Noun'	quotient-effective
quotient_Noun	quotient
rachis_Noun	rachis
radar_Noun	radar
radical_Noun	radical
radius_Noun	radius
rail_Noun	rail
railway_Noun	railway
range_Noun	range
rank_Noun	rank
rate_Noun	rate
ratio_Noun	ratio
rational_Noun	rational number
ray_Noun	ray
're-distribution_Noun'	re-distribution
're-sale_Noun'	re-sale
reachability_Noun	reachability
reader_Noun	reader
reading_Noun	reading
real_Noun	real number
reality_Noun	reality
realization_Noun	realization
realm_Noun	realm
reason_Noun	reason
reasoning_Noun	reasoning
recall_Noun	recall
reciprocal_Noun	reciprocal
reciprocity_Noun	reciprocity
recourse_Noun	recourse
rectangle_Noun	rectangle
recurrence_Noun	recurrence
recursion_Noun	recursion
reductio_Noun	reductio
reduction_Noun	reduction
reference_Noun	reference
refinement_Noun	refinement
reflection_Noun	reflection
reflexion_Noun	reflexion
reflexivity_Noun	reflexivity
regard_Noun	regard
region_Noun	region
regular_Noun	regular
regularity_Noun	regularity
relation_Noun	relation
relationship_Noun	relationship
relativity_Noun	relativity
remainder_Noun	remainder
remark_Noun	remark
repdigit_Noun	repdigit
repeller_Noun	repeller
replacement_Noun	replacement
replicator_Noun	replicator
report_Noun	report
representation_Noun	representation
representative_Noun	representative
requirement_Noun	requirement
research_Noun	research
residue_Noun	residue
resolution_Noun	resolution
resonance_Noun	resonance
respect_Noun	respect
rest_Noun	rest
restriction_Noun	restriction
result_Noun	result
resultant_Noun	resultant
retract_Noun	retract
retraction_Noun	retraction
reverse_Noun	reverse
rhombohedron_Noun	rhombohedron
rhomboid_Noun	rhomboid
rhombus_Noun	rhombus
rhyme_Noun	rhyme
ribbon_Noun	ribbon
right_Noun	right
rightarrow_Noun	rightarrow
ring_Noun	ring
rings_Noun	rings
rise_Noun	rise
risk_Noun	risk
road_Noun	road
rod_Noun	rod
role_Noun	role
roll_Noun	roll
rook_Noun	rook
root_Noun	root
rope_Noun	rope
rose_Noun	rose
rotation_Noun	rotation
round_Noun	round
roundness_Noun	roundness
route_Noun	route
row_Noun	row
rrrr_Noun	rrrr
rule_Noun	rule
ruler_Noun	ruler
runner_Noun	runner
rôle_Noun	rôle
sake_Noun	sake
salad_Noun	salad
sale_Noun	sale
sameness_Noun	sameness
sample_Noun	sample
sampling_Noun	sampling
sandwich_Noun	sandwich
saturation_Noun	saturation
say_Noun	say
scalar_Noun	scalar
scale_Noun	scale
scheduling_Noun	scheduling
scheme_Noun	scheme
school_Noun	school
schwarz_Noun	schwarz
science_Noun	science
scope_Noun	scope
score_Noun	score
scoring_Noun	scoring
screw_Noun	screw
search_Noun	search
season_Noun	season
second_Noun	second
section_Noun	section
segment_Noun	segment
self_Noun	self
semantics_Noun	semantics
'semi-circle_Noun'	semi-circle
semicircle_Noun	semicircle
semiconductor_Noun	semiconductor
semidirect_Noun	semidirect
semigroup_Noun	semigroup
semigroupoid_Noun	semigroupoid
semilattice_Noun	semilattice
semimodule_Noun	semimodule
semiring_Noun	semiring
sense_Noun	sense
sentence_Noun	sentence
separation_Noun	separation
sequence_Noun	sequence
series_Noun	series
serpentiform_Noun	serpentiform
serpentine_Noun	serpentine
serration_Noun	serration
'set-truncation_Noun'	set-truncation
set_Noun	set
setting_Noun	setting
setup_Noun	setup
shader_Noun	shader
shape_Noun	shape
share_Noun	share
sharing_Noun	sharing
sheaf_Noun	sheaf
sheafification_Noun	sheafification
shear_Noun	shear
shift_Noun	shift
shortcut_Noun	shortcut
shorthand_Noun	shorthand
shrinkage_Noun	shrinkage
shuffling_Noun	shuffling
sibling_Noun	sibling
side_Noun	side
sight_Noun	sight
sigma_Noun	sigma
sign_Noun	sign
signal_Noun	signal
signature_Noun	signature
significance_Noun	significance
silhouette_Noun	silhouette
similarity_Noun	similarity
similitude_Noun	similitude
simplex_Noun	simplex
simplicity_Noun	simplicity
simplification_Noun	simplification
sin_Noun	sin
sine_Noun	sine
'singleton-induction_Noun'	singleton-induction
singleton_Noun	singleton
singularity_Noun	singularity
sink_Noun	sink
situation_Noun	situation
skeleton_Noun	skeleton
skew_Noun	skew
skill_Noun	skill
slave_Noun	slave
slice_Noun	slice
small_Noun	small
smallness_Noun	smallness
smash_Noun	smash
snake_Noun	snake
snark_Noun	snark
software_Noun	software
solenoid_Noun	solenoid
solution_Noun	solution
solving_Noun	solving
sort_Noun	sort
sorting_Noun	sorting
soundness_Noun	soundness
source_Noun	source
space_Noun	space
spacetime_Noun	spacetime
span_Noun	span
spanning_Noun	spanning
specialization_Noun	specialization
species_Noun	species
specific_Noun	specific
specification_Noun	specification
spectrum_Noun	spectrum
speed_Noun	speed
sphere_Noun	sphere
spheroid_Noun	spheroid
spin_Noun	spin
spindle_Noun	spindle
spinning_Noun	spinning
spinor_Noun	spinor
spite_Noun	spite
split_Noun	split
splitting_Noun	splitting
spork_Noun	spork
spring_Noun	spring
sqrt_Noun	sqrt
square_Noun	square
squaregraph_Noun	squaregraph
squeeze_Noun	squeeze
stability_Noun	stability
stabilizer_Noun	stabilizer
stable_Noun	stable
stack_Noun	stack
stacks_Noun	stacks
stage_Noun	stage
stalk_Noun	stalk
stampede_Noun	stampede
standard_Noun	standard
star_Noun	star
start_Noun	start
starting_Noun	starting
state_Noun	state
statement_Noun	statement
station_Noun	station
statistic_Noun	statistic
step_Noun	step
stereotype_Noun	stereotype
stirling_Noun	stirling
stock_Noun	stock
stoichiometry_Noun	stoichiometry
storage_Noun	storage
strain_Noun	strain
stranger_Noun	stranger
strategy_Noun	strategy
stratifold_Noun	stratifold
strength_Noun	strength
stress_Noun	stress
string_Noun	string
strip_Noun	strip
stripe_Noun	stripe
structure_Noun	structure
student_Noun	student
study_Noun	study
stuff_Noun	stuff
stump_Noun	stump
style_Noun	style
subalgebra_Noun	subalgebra
subcategory_Noun	subcategory
subclass_Noun	subclass
subcompact_Noun	subcompact
subdivision_Noun	subdivision
subexpression_Noun	subexpression
subfield_Noun	subfield
subgraph_Noun	subgraph
subgroup_Noun	subgroup
subject_Noun	subject
sublanguage_Noun	sublanguage
submagma_Noun	submagma
submanifold_Noun	submanifold
submatrice_Noun	submatrice
submatrix_Noun	submatrix
submodule_Noun	submodule
submonoid_Noun	submonoid
subobject_Noun	subobject
subquotient_Noun	subquotient
subrepresentation_Noun	subrepresentation
subring_Noun	subring
subscheme_Noun	subscheme
subscript_Noun	subscript
subsequence_Noun	subsequence
subset_Noun	subset
subseteq_Noun	subseteq
subshift_Noun	subshift
subsingleton_Noun	subsingleton
subspace_Noun	subspace
substitution_Noun	substitution
subtlety_Noun	subtlety
subtraction_Noun	subtraction
'subtype-n_Noun'	subtype-n
subtype_Noun	subtype
subuniverse_Noun	subuniverse
succession_Noun	succession
successor_Noun	successor
suffix_Noun	suffix
sum_Noun	sum
summand_Noun	summand
summary_Noun	summary
summation_Noun	summation
sumset_Noun	sumset
superalgebra_Noun	superalgebra
supergraph_Noun	supergraph
supergroup_Noun	supergroup
supermanifold_Noun	supermanifold
superset_Noun	superset
superspace_Noun	superspace
support_Noun	support
suppose_Noun	suppose
supremum_Noun	supremum
surface_Noun	surface
surgery_Noun	surgery
surjection_Noun	surjection
surjectivity_Noun	surjectivity
suspension_Noun	suspension
swap_Noun	swap
swarm_Noun	swarm
swindle_Noun	swindle
switch_Noun	switch
symbol_Noun	symbol
symmetry_Noun	symmetry
symmetrybook_Noun	symmetrybook
symplectomorphism_Noun	symplectomorphism
syneclise_Noun	syneclise
synset_Noun	synset
syntax_Noun	syntax
system_Noun	system
table_Noun	table
tableau_Noun	tableau
tadpole_Noun	tadpole
tag_Noun	tag
tail_Noun	tail
tamari_Noun	tamari
tango_Noun	tango
target_Noun	target
task_Noun	task
teaching_Noun	teaching
technique_Noun	technique
technology_Noun	technology
temperature_Noun	temperature
tensor_Noun	tensor
term_Noun	term
terminology_Noun	terminology
tessellation_Noun	tessellation
tesseract_Noun	tesseract
test_Noun	test
tetracategory_Noun	tetracategory
tetrahedron_Noun	tetrahedron
text_Noun	text
textbf_Noun	textbf
textbook_Noun	textbook
thalweg_Noun	thalweg
theme_Noun	theme
theorem_Noun	theorem
theorist_Noun	theorist
theory_Noun	theory
thesis_Noun	thesis
theta_Noun	theta
thing_Noun	thing
thm_Noun	thm
thought_Noun	thought
thousand_Noun	thousand
tilde_Noun	tilde
tile_Noun	tile
tiling_Noun	tiling
time_Noun	time
tolerance_Noun	tolerance
tool_Noun	tool
top_Noun	top
topic_Noun	topic
topo_Noun	topo
topology_Noun	topology
topos_Noun	topos
topose_Noun	topose
torsion_Noun	torsion
torsor_Noun	torsor
torus_Noun	torus
totient_Noun	totient
tour_Noun	tour
tournament_Noun	tournament
tower_Noun	tower
toxicity_Noun	toxicity
trace_Noun	trace
track_Noun	track
tracker_Noun	tracker
tradition_Noun	tradition
trail_Noun	trail
training_Noun	training
transcendence_Noun	transcendence
transfer_Noun	transfer
transform_Noun	transform
transformation_Noun	transformation
transit_Noun	transit
transition_Noun	transition
transitivity_Noun	transitivity
translation_Noun	translation
transport_Noun	transport
transporter_Noun	transporter
transpose_Noun	transpose
transposition_Noun	transposition
transversality_Noun	transversality
trapezium_Noun	trapezium
trapezohedron_Noun	trapezohedron
trapezoid_Noun	trapezoid
treap_Noun	treap
treatment_Noun	treatment
tree_Noun	tree
treewidth_Noun	treewidth
trefoil_Noun	trefoil
triad_Noun	triad
triakis_Noun	triakis
triangle_Noun	triangle
tribonacci_Noun	tribonacci
tricategory_Noun	tricategory
trie_Noun	trie
trilinear_Noun	trilinear
trinoid_Noun	trinoid
triple_Noun	triple
trisection_Noun	trisection
triviality_Noun	triviality
truncatedness_Noun	truncatedness
truncation_Noun	truncation
truth_Noun	truth
tube_Noun	tube
tunnel_Noun	tunnel
tuple_Noun	tuple
turn_Noun	turn
turnstile_Noun	turnstile
tutorial_Noun	tutorial
twin_Noun	twin
twist_Noun	twist
'type-theory_Noun'	type-theory
type_Noun	type
typing_Noun	typing
typo_Noun	typo
ubiquitin_Noun	ubiquitin
ultrafilter_Noun	ultrafilter
understanding_Noun	understanding
unimath_Noun	unimath
union_Noun	union
'uniqueness-identity_Noun'	uniqueness-identity
uniqueness_Noun	uniqueness
unit_Noun	unit
unity_Noun	unity
'univalence-subuniverse_Noun'	univalence-subuniverse
univalence_Noun	univalence
universe_Noun	universe
unknown_Noun	unknown
'up-image_Noun'	up-image
usage_Noun	usage
use_Noun	use
validity_Noun	validity
valuation_Noun	valuation
value_Noun	value
vampire_Noun	vampire
vanishing_Noun	vanishing
variable_Noun	variable
variant_Noun	variant
variation_Noun	variation
variety_Noun	variety
varphi_Noun	varphi
vase_Noun	vase
'vector-_Noun'	vector-
vector_Noun	vector
vectorization_Noun	vectorization
'vectors-rank_Noun'	vectors-rank
velocity_Noun	velocity
verification_Noun	verification
version_Noun	version
vertex_Noun	vertex
vertice_Noun	vertice
video_Noun	video
view_Noun	view
virginity_Noun	virginity
virtue_Noun	virtue
visibility_Noun	visibility
volume_Noun	volume
vote_Noun	vote
'w-type_Noun'	w-type
walk_Noun	walk
wallpaper_Noun	wallpaper
wandering_Noun	wandering
warning_Noun	warning
waterlogging_Noun	waterlogging
waveform_Noun	waveform
way_Noun	way
weaken_Noun	weaken
weakening_Noun	weakening
web_Noun	web
wedge_Noun	wedge
wheel_Noun	wheel
whiskering_Noun	whiskering
whole_Noun	whole
widetilde_Noun	widetilde
width_Noun	width
wildfire_Noun	wildfire
wind_Noun	wind
winding_Noun	winding
windmill_Noun	windmill
window_Noun	window
winner_Noun	winner
wise_Noun	wise
'with-operation_Noun'	with-operation
witness_Noun	witness
word_Noun	word
work_Noun	work
world_Noun	world
wreath_Noun	wreath
writing_Noun	writing
year_Noun	year
zero_Noun	zero
zeroth_Noun	zeroth
zeta_Noun	zeta
zone_Noun	zone
zonotope_Noun	zonotope
étale_Noun	étale
at_Prep	at
between_Prep	between
by_Prep	by
for_Prep	for
from_Prep	from
in_Prep	in
modulo_Prep	modulo
noPrep	
of_Prep	of
on_Prep	on
over_Prep	over
to_Prep	to
under_Prep	under
with_Prep	with
abandon_Verb	to abandon
abbreviate_Verb	to abbreviate
accord_Verb	to accord
achieve_Verb	to achieve
adapt_Verb	to adapt
add_Verb	to add
adjoin_Verb	to adjoin
'adjugate-_Verb'	to adjugate-
admit_Verb	to admit
adopt_Verb	to adopt
advantage_Verb	to advantage
advise_Verb	to advise
affect_Verb	to affect
agree_Verb	to agree
align_Verb	to align
allow_Verb	to allow
alter_Verb	to alter
alternate_Verb	to alternate
amalgamate_Verb	to amalgamate
analyse_Verb	to analyse
annihilate_Verb	to annihilate
announce_Verb	to announce
answer_Verb	to answer
appear_Verb	to appear
apply_Verb	to apply
argue_Verb	to argue
arise_Verb	to arise
arrange_Verb	to arrange
arrive_Verb	to arrive
ascend_Verb	to ascend
ascribe_Verb	to ascribe
ask_Verb	to ask
assert_Verb	to assert
assign_Verb	to assign
associate_Verb	to associate
assume_Verb	to assume
attach_Verb	to attach
attain_Verb	to attain
attempt_Verb	to attempt
attribute_Verb	to attribute
avoid_Verb	to avoid
balance_Verb	to balance
base_Verb	to base
bear_Verb	to bear
become_Verb	to become
begin_Verb	to begin
behave_Verb	to behave
believe_Verb	to believe
belong_Verb	to belong
benerate_Verb	to benerate
beware_Verb	to beware
bias_Verb	to bias
bind_Verb	to bind
biorder_Verb	to biorder
block_Verb	to block
bound_Verb	to bound
braid_Verb	to braid
branch_Verb	to branch
bring_Verb	to bring
bypass_Verb	to bypass
calculate_Verb	to calculate
call_Verb	to call
cancel_Verb	to cancel
carry_Verb	to carry
cease_Verb	to cease
center_Verb	to center
centre_Verb	to centre
chamfer_Verb	to chamfer
change_Verb	to change
characterize_Verb	to characterize
check_Verb	to check
choose_Verb	to choose
circumscribe_Verb	to circumscribe
cite_Verb	to cite
classify_Verb	to classify
clear_Verb	to clear
close_Verb	to close
cofilter_Verb	to cofilter
coincide_Verb	to coincide
colour_Verb	to colour
combine_Verb	to combine
come_Verb	to come
commute_Verb	to commute
compare_Verb	to compare
compensate_Verb	to compensate
complement_Verb	to complement
complete_Verb	to complete
complexvalue_Verb	to complexvalue
complicate_Verb	to complicate
compose_Verb	to compose
compute_Verb	to compute
concentrate_Verb	to concentrate
concern_Verb	to concern
conclude_Verb	to conclude
condense_Verb	to condense
confirm_Verb	to confirm
conform_Verb	to conform
confuse_Verb	to confuse
conjecture_Verb	to conjecture
connect_Verb	to connect
consider_Verb	to consider
consist_Verb	to consist
constitute_Verb	to constitute
construct_Verb	to construct
consult_Verb	to consult
contain_Verb	to contain
continue_Verb	to continue
contradict_Verb	to contradict
contribute_Verb	to contribute
converge_Verb	to converge
convert_Verb	to convert
correspond_Verb	to correspond
count_Verb	to count
cover_Verb	to cover
cross_Verb	to cross
cut_cut_Verb	to cut
deceive_Verb	to deceive
decide_Verb	to decide
decompose_Verb	to decompose
decrease_Verb	to decrease
deduce_Verb	to deduce
define_Verb	to define
degenerate_Verb	to degenerate
delete_Verb	to delete
demonstrate_Verb	to demonstrate
denote_Verb	to denote
depend_Verb	to depend
deprive_Verb	to deprive
derive_Verb	to derive
descend_Verb	to descend
describe_Verb	to describe
deserve_Verb	to deserve
desire_Verb	to desire
determine_Verb	to determine
develop_Verb	to develop
devise_Verb	to devise
devote_Verb	to devote
diagonalize_Verb	to diagonalize
differ_Verb	to differ
differentiate_Verb	to differentiate
direct_Verb	to direct
disappear_Verb	to disappear
disconnect_Verb	to disconnect
discuss_Verb	to discuss
dispense_Verb	to dispense
distinguish_Verb	to distinguish
divide_Verb	to divide
dominate_Verb	to dominate
dot_Verb	to dot
draw_Verb	to draw
drop_Verb	to drop
eliminate_Verb	to eliminate
elongate_Verb	to elongate
embed_Verb	to embed
embrace_Verb	to embrace
emphasize_Verb	to emphasize
enable_Verb	to enable
encounter_Verb	to encounter
end_Verb	to end
endow_Verb	to endow
enjoy_Verb	to enjoy
enrich_Verb	to enrich
ensure_Verb	to ensure
enter_Verb	to enter
enunciate_Verb	to enunciate
equate_Verb	to equate
equip_Verb	to equip
establish_Verb	to establish
evaluate_Verb	to evaluate
examine_Verb	to examine
exceed_Verb	to exceed
exclude_Verb	to exclude
exercise_Verb	to exercise
exhibit_Verb	to exhibit
exist_Verb	to exist
expand_Verb	to expand
expect_Verb	to expect
explain_Verb	to explain
exploit_Verb	to exploit
exponentiate_Verb	to exponentiate
expound_Verb	to expound
express_Verb	to express
extend_Verb	to extend
extract_Verb	to extract
factorize_Verb	to factorize
fail_Verb	to fail
familiarize_Verb	to familiarize
feature_Verb	to feature
feel_Verb	to feel
figure_Verb	to figure
fill_Verb	to fill
filter_Verb	to filter
find_Verb	to find
finish_Verb	to finish
fire_Verb	to fire
fix_Verb	to fix
follow_Verb	to follow
forbid_Verb	to forbid
forego_Verb	to forego
forget_Verb	to forget
form_Verb	to form
formulate_Verb	to formulate
found_Verb	to found
fulfil_Verb	to fulfil
generalize_Verb	to generalize
generate_Verb	to generate
get_Verb	to get
give_Verb	to give
give_gave_Verb	to give
grade_Verb	to grade
gram_Verb	to gram
grant_Verb	to grant
grind_Verb	to grind
group_Verb	to group
guarantee_Verb	to guarantee
halve_Verb	to halve
happen_Verb	to happen
have_Verb	to have
hide_Verb	to hide
hold_Verb	to hold
hope_Verb	to hope
identify_Verb	to identify
identity_Verb	to identity
imagine_Verb	to imagine
imitate_Verb	to imitate
immerse_Verb	to immerse
imply_Verb	to imply
impose_Verb	to impose
impress_Verb	to impress
improve_Verb	to improve
include_Verb	to include
incorporate_Verb	to incorporate
increase_Verb	to increase
indeterminate_Verb	to indeterminate
index_Verb	to index
indicate_Verb	to indicate
induce_Verb	to induce
infer_Verb	to infer
influence_Verb	to influence
inscribe_Verb	to inscribe
inspire_Verb	to inspire
integrate_Verb	to integrate
interchange_Verb	to interchange
interpret_Verb	to interpret
intervene_Verb	to intervene
introduce_Verb	to introduce
invent_Verb	to invent
investigate_Verb	to investigate
involve_Verb	to involve
isolate_Verb	to isolate
join_Verb	to join
justified_Verb	to justified
justify_Verb	to justify
keep_Verb	to keep
know_Verb	to know
label_labeled_Verb	to label
lead_Verb	to lead
learn_Verb	to learn
leave_Verb	to leave
leave_left_Verb	to leave
let_Verb	to let
lie_Verb	to lie
like_Verb	to like
limit_Verb	to limit
limiting_Verb	to limiting
list_Verb	to list
look_Verb	to look
make_Verb	to make
manipulate_Verb	to manipulate
map_Verb	to map
master_Verb	to master
matter_Verb	to matter
mean_Verb	to mean
meet_Verb	to meet
mention_Verb	to mention
mix_Verb	to mix
modify_Verb	to modify
multiply_Verb	to multiply
multivalue_Verb	to multivalue
need_Verb	to need
note_Verb	to note
notice_Verb	to notice
obey_Verb	to obey
oblige_Verb	to oblige
observe_Verb	to observe
obtain_Verb	to obtain
occur_Verb	to occur
offer_Verb	to offer
omit_Verb	to omit
operate_Verb	to operate
order_Verb	to order
orient_Verb	to orient
orthocomplement_Verb	to orthocomplement
pack_Verb	to pack
pair_Verb	to pair
pass_Verb	to pass
perform_Verb	to perform
permit_Verb	to permit
permute_Verb	to permute
pick_Verb	to pick
place_Verb	to place
play_Verb	to play
point_Verb	to point
pose_Verb	to pose
possess_Verb	to possess
postpone_Verb	to postpone
preassign_Verb	to preassign
precede_Verb	to precede
preconceive_Verb	to preconceive
prefer_Verb	to prefer
preferan_Verb	to preferan
preorder_Verb	to preorder
prescribe_Verb	to prescribe
present_Verb	to present
presuppose_Verb	to presuppose
proceed_Verb	to proceed
project_Verb	to project
prompt_Verb	to prompt
proof_Verb	to proof
propose_Verb	to propose
prove_Verb	to prove
provide_Verb	to provide
puncture_Verb	to puncture
pursue_Verb	to pursue
put_Verb	to put
quad_Verb	to quad
quote_Verb	to quote
rank_Verb	to rank
're-index_Verb'	to re-index
read_Verb	to read
realize_Verb	to realize
recall_Verb	to recall
reconstruct_Verb	to reconstruct
rectify_Verb	to rectify
reduce_Verb	to reduce
refer_Verb	to refer
reformulate_Verb	to reformulate
regard_Verb	to regard
reinterpret_Verb	to reinterpret
relate_Verb	to relate
remain_Verb	to remain
remark_Verb	to remark
remember_Verb	to remember
remind_Verb	to remind
remove_Verb	to remove
renumber_Verb	to renumber
repeat_Verb	to repeat
replace_Verb	to replace
represent_Verb	to represent
require_Verb	to require
reserve_Verb	to reserve
residuate_Verb	to residuate
resolve_Verb	to resolve
restrict_Verb	to restrict
result_Verb	to result
retain_Verb	to retain
retrieve_Verb	to retrieve
return_Verb	to return
revert_Verb	to revert
rightarrow_Verb	to rightarrow
ring_ringed_Verb	to ring
root_Verb	to root
rotate_Verb	to rotate
rule_Verb	to rule
run_Verb	to run
satisfied_Verb	to satisfied
satisfy_Verb	to satisfy
say_Verb	to say
see_Verb	to see
seek_Verb	to seek
seem_Verb	to seem
send_Verb	to send
separate_Verb	to separate
serve_Verb	to serve
set_Verb	to set
set_set_Verb	to set
sharpen_Verb	to sharpen
show_Verb	to show
sign_Verb	to sign
signify_Verb	to signify
simplify_Verb	to simplify
solve_Verb	to solve
speak_Verb	to speak
specify_Verb	to specify
split_Verb	to split
spot_Verb	to spot
square_Verb	to square
stand_Verb	to stand
standardize_Verb	to standardize
start_Verb	to start
state_Verb	to state
stratify_Verb	to stratify
study_Verb	to study
subring_Verb	to subring
substitute_Verb	to substitute
subtract_Verb	to subtract
succeed_Verb	to succeed
suffice_Verb	to suffice
suggest_Verb	to suggest
sum_Verb	to sum
suppose_Verb	to suppose
switch_Verb	to switch
tag_Verb	to tag
take_Verb	to take
talk_Verb	to talk
teach_Verb	to teach
tell_Verb	to tell
tend_Verb	to tend
terminate_Verb	to terminate
think_Verb	to think
thread_Verb	to thread
trace_Verb	to trace
transform_Verb	to transform
translate_Verb	to translate
transpose_Verb	to transpose
trap_Verb	to trap
treat_Verb	to treat
triangulate_Verb	to triangulate
triconnect_Verb	to triconnect
truncate_Verb	to truncate
try_Verb	to try
turn_Verb	to turn
twist_Verb	to twist
understand_Verb	to understand
undertake_Verb	to undertake
use_Verb	to use
value_Verb	to value
vanish_Verb	to vanish
vary_Verb	to vary
verify_Verb	to verify
waste_Verb	to waste
weight_Verb	to weight
wish_Verb	to wish
work_Verb	to work
write_Verb	to write
